Date;US10YR;SPX;JPY;GOLD;GBP;AUD;CAD;OIL;MXWO;GABI;GABIHY;VIX
2009-01-30;2.8403;822.5;89.92;927.85;1.2813;0.6375;1.2296;45.88;838.83;351.9;1413.102;44.84
2009-02-06;2.9917;867.75;91.9;911.5;1.294;0.6753;1.2193;46.21;870.74;350.346;1386.344;43.37
2009-02-13;2.8894;820;91.93;941.7;1.2862;0.6568;1.2354;44.81;837.02;348.868;1407.818;42.93
2009-02-20;2.7879;769.5;93.35;992.9;1.2826;0.6454;1.252;41.89;772.84;364.816;1453.929;49.3
2009-02-27;3.0131;734.25;97.58;942.32;1.2669;0.639;1.2763;46.35;750.86;363.345;1494.04;46.35
2009-03-06;2.8717;687.75;98.26;939.37;1.2653;0.6405;1.2872;44.85;697.5;388.364;1601.668;49.33
2009-03-13;2.8902;757.75;97.95;929.73;1.2928;0.6582;1.2718;44.93;756.41;389.428;1542.006;42.36
2009-03-20;2.6344;789.4;95.94;952.23;1.3582;0.6869;1.2407;51.22;789.93;386.739;1520.179;45.89
2009-03-27;2.7571;816;97.86;923.15;1.3287;0.6942;1.2421;51.98;824.69;383.707;1437.219;41.04
2009-04-03;2.8853;840.5;100.32;893.15;1.3486;0.7151;1.2298;53.47;854.9;368.819;1382.146;39.7
2009-04-10;2.9226;852.5;100.25;881.65;1.3189;0.7196;1.2257;54.06;861.96;359.126;1345.359;36.53
2009-04-17;2.9451;866.75;99.16;868.85;1.3044;0.7225;1.2132;53.35;881.27;343.545;1267.396;33.94
2009-04-24;2.9903;866.5;97.17;912.83;1.3242;0.7232;1.2096;51.67;882.26;338.113;1259.121;36.82
2009-05-01;3.1533;876;99.12;886.55;1.3273;0.7306;1.1852;52.85;896.22;317.96;1156.541;35.3
2009-05-08;3.2856;924.75;98.47;916.65;1.3634;0.7686;1.1494;58.14;953.57;292.098;1067.791;32.05
2009-05-15;3.1341;883;95.21;931.78;1.3495;0.7491;1.1776;55.98;920.85;290.581;1122.682;33.12
2009-05-22;3.4495;885;94.78;957.35;1.3998;0.7827;1.1195;60.78;941.25;276.378;1062.898;32.63
2009-05-29;3.4594;918;95.34;979.18;1.4158;0.8011;1.0915;65.52;970;256.518;1002.015;28.92
2009-06-05;3.8279;940.5;98.64;955.33;1.3968;0.7932;1.119;68.34;982.29;238.01;911.956;29.62
2009-06-12;3.7916;944.75;98.44;939.3;1.4016;0.8124;1.119;70.92;994.39;228.141;890.692;28.15
2009-06-19;3.7808;926.15;96.27;934.03;1.3937;0.806;1.1352;69.19;964.8;229.085;927.511;27.99
2009-06-26;3.5363;914;95.19;939.6;1.4056;0.8079;1.1524;68.92;963.77;230.564;955.871;25.93
2009-07-03;3.4985;893.25;96.04;932.5;1.398;0.7969;1.1607;65.61;946.8;226.903;909.231;27.95
2009-07-10;3.3026;874.25;92.55;913.05;1.3936;0.7788;1.1638;60.52;921.4;226.335;936.763;29.02
2009-07-17;3.6433;937;94.2;937.5;1.4102;0.8024;1.1134;65.38;982.5;211.301;894.436;24.34
2009-07-24;3.6578;977.75;94.79;951.35;1.4202;0.8172;1.0868;70.32;1027.49;198.362;847.952;23.09
2009-07-31;3.4796;984.5;94.68;954;1.4257;0.8359;1.0776;71.7;1044.75;185.525;802.272;25.92
2009-08-07;3.8502;1006.5;97.57;954.95;1.4183;0.8372;1.0813;73.59;1063.21;175.634;739.578;24.76
2009-08-14;3.5688;1005.75;94.94;948.67;1.4203;0.8329;1.0982;72.41;1063.98;176.374;776.644;24.27
2009-08-21;3.5649;1025.25;94.38;953.78;1.4326;0.8348;1.0812;74.19;1080.57;177.4;788.454;25.01
2009-08-28;3.4456;1027.5;93.6;955.1;1.4303;0.8411;1.0917;72.79;1094.09;176.604;783.315;24.76
2009-09-04;3.4378;1014;93.01;994.4;1.4297;0.8507;1.0897;66.82;1075.41;177.6;780.284;25.26
2009-09-11;3.347;1041.5;90.71;1005.3;1.4571;0.8634;1.0768;67.69;1119.22;171.091;752.399;24.15
2009-09-18;3.4632;1071.57;91.29;1007.47;1.4712;0.8675;1.0692;71.32;1139.43;164.913;690.269;23.92
2009-09-25;3.3184;1041;89.64;990.9;1.4689;0.868;1.091;65.11;1115.4;166.544;687.133;25.61
2009-10-02;3.2188;1021.75;89.81;1002.75;1.4576;0.8652;1.0797;68.07;1088.9;169.59;707.818;28.68
2009-10-09;3.3802;1068;89.79;1049.25;1.4732;0.9038;1.0422;70;1139.84;163.821;673.561;23.12
2009-10-16;3.4115;1082;90.89;1053.55;1.4905;0.9165;1.037;76.99;1156.2;161.817;664.066;21.43
2009-10-23;3.49;1077;92.06;1055.45;1.5008;0.9224;1.0538;78.92;1153.42;157.135;647.684;22.27
2009-10-30;3.3828;1033;90.09;1045.45;1.4719;0.8997;1.0848;75.2;1106.17;158.393;663.825;30.69
2009-11-06;3.4971;1066.25;89.88;1095.2;1.4847;0.9189;1.0753;75.87;1132.19;156.286;664.441;24.19
2009-11-13;3.4177;1091.5;89.66;1118.65;1.4903;0.933;1.0516;75.55;1158.26;155.335;658.866;23.36
2009-11-20;3.3656;1090;88.89;1150.6;1.4862;0.9147;1.0706;77.2;1145.72;155.916;663.401;22.19
2009-11-27;3.2051;1089.5;86.53;1177.63;1.4988;0.9063;1.0618;77.18;1144.58;158.839;673.792;24.74
2009-12-04;3.4722;1108;90.56;1161.43;1.4858;0.9147;1.058;77.52;1168.9;155.564;634.433;21.25
2009-12-11;3.5498;1108;89.1;1115.38;1.4615;0.9127;1.0601;71.88;1155.54;150.327;621.683;21.59
2009-12-18;3.5368;1102.38;90.5;1113.2;1.4338;0.8902;1.0664;73.75;1144.11;143.771;607.831;21.68
2009-12-25;3.803;1122;91.3;1105.45;1.4411;0.8842;1.0499;76.31;1171.56;143.143;582.816;19.47
2010-01-01;3.835;1110.75;93.04;1097.35;1.4324;0.898;1.0528;77.93;1168.47;144.147;575.861;21.68
2010-01-08;3.8297;1141.5;92.66;1138.23;1.4409;0.9248;1.0298;81.37;1198.26;132.369;544.192;18.13
2010-01-15;3.6744;1132.25;90.77;1130.93;1.4387;0.9228;1.0291;77.11;1195.66;133.664;557.428;17.91
2010-01-22;3.6071;1091;89.82;1093.23;1.4139;0.9007;1.0578;72.83;1149.89;138.729;581.716;27.31
2010-01-29;3.5844;1070.5;90.27;1081.2;1.3863;0.8838;1.0704;71.46;1119.54;140.717;588.261;24.62
2010-02-05;3.5654;1059.75;89.25;1066.25;1.3678;0.8684;1.0716;69.59;1095.48;147.833;611.369;26.11
2010-02-12;3.6928;1079;89.96;1097.1;1.3632;0.8878;1.0503;72.9;1107.32;148.539;624.238;22.73
2010-02-19;3.7726;1106.25;91.52;1119.2;1.3613;0.8988;1.0391;78.19;1134.45;144.837;592.27;20.02
2010-02-26;3.6117;1103.5;88.97;1117.59;1.3631;0.8954;1.0517;77.59;1133.35;143.06;594.036;19.5
2010-03-05;3.6796;1136.5;90.28;1134.9;1.3626;0.9077;1.0288;79.89;1170.46;137.369;565.592;17.42
2010-03-12;3.7006;1151.25;90.56;1101.85;1.3769;0.9152;1.0193;79.39;1187.37;133.704;544.027;17.58
2010-03-19;3.6892;1172.95;90.55;1107.05;1.353;0.9154;1.0173;79.88;1190.78;131.139;535.082;16.97
2010-03-26;3.8468;1163.5;92.52;1107.25;1.341;0.9041;1.0266;79.29;1193.41;128.267;520.926;17.77
2010-04-02;3.9446;1173.75;94.61;1123.8;1.3504;0.9194;1.0111;84.01;1212.76;126.895;517.383;17.47
2010-04-09;3.8825;1192.5;93.18;1161.75;1.35;0.9332;1.0027;84.83;1223.32;123.95;508.19;16.14
2010-04-16;3.7626;1190.25;92.17;1137.41;1.3503;0.9243;1.0128;85.99;1222.25;121.738;502.175;18.36
2010-04-23;3.8092;1212.25;93.97;1157.73;1.3384;0.9278;0.9991;87.25;1225.38;122.407;495.745;16.62
2010-04-30;3.6532;1183.5;93.85;1179.03;1.3294;0.9243;1.0179;87.44;1198.56;129.361;508.007;22.05
2010-05-07;3.4255;1107;91.59;1208.4;1.2755;0.888;1.0439;78.27;1099.58;158.002;591.677;40.95
2010-05-14;3.4534;1135.25;92.47;1232.98;1.2358;0.8859;1.0356;77.18;1123.78;150.753;572.963;31.24
2010-05-21;3.2379;1084.5;90;1177.08;1.257;0.8318;1.0595;71.68;1073.61;164.412;638.069;40.1
2010-05-28;3.2922;1088.5;91.06;1214.73;1.2273;0.8474;1.0546;74.02;1080.3;170.707;633.29;32.07
2010-06-04;3.2023;1066;91.9;1220.03;1.1967;0.8234;1.0629;72.09;1060.27;173.541;646.407;35.48
2010-06-11;3.2346;1089.25;91.65;1226.58;1.2112;0.8503;1.0322;74.35;1080.68;178.093;654.974;28.79
2010-06-18;3.2195;1118.83;90.71;1256.8;1.2388;0.872;1.0218;78.22;1115.35;172.511;622.055;23.95
2010-06-25;3.1078;1074.75;89.23;1255.68;1.2369;0.8741;1.0355;78.12;1079.52;173.765;630.904;28.53
2010-07-02;2.977;1014.25;87.75;1211.65;1.2566;0.8416;1.0624;71.65;1036.62;174.531;652.66;30.12
2010-07-09;3.052;1072.5;88.62;1211.71;1.2641;0.8776;1.0337;75.42;1091.53;169.386;627.454;24.98
2010-07-16;2.9215;1063;86.57;1193;1.293;0.8689;1.0582;75.37;1089.89;165.69;622.106;26.25
2010-07-23;2.9943;1100.5;87.46;1189.14;1.2909;0.8957;1.0358;77.45;1117.45;160.829;600.088;23.47
2010-07-30;2.9052;1098.25;86.47;1181;1.3052;0.9042;1.0297;78.18;1124.83;155.257;597.251;23.5
2010-08-06;2.8166;1119.5;85.51;1205.4;1.328;0.9183;1.0274;80.16;1152.25;153.032;593.113;21.74
2010-08-13;2.6716;1076;86.2;1215.43;1.2754;0.8929;1.0419;75.11;1103.56;156.941;614.209;26.24
2010-08-20;2.6106;1070.25;85.62;1227.89;1.2712;0.8939;1.0475;74.26;1093.77;156.26;612.349;25.49
2010-08-27;2.6447;1063.75;85.23;1237.83;1.2763;0.8989;1.0508;76.65;1089.24;158.544;615.217;24.45
2010-09-03;2.697;1103.5;84.31;1246.55;1.2896;0.9166;1.0388;76.67;1131.49;159.862;600.869;21.31
2010-09-10;2.7917;1109.75;84.15;1245.98;1.2679;0.9266;1.037;78.16;1139.02;157.409;587.499;21.99
2010-09-17;2.7372;1133;85.86;1274.18;1.305;0.9363;1.033;78.21;1156.1;159.625;583.056;22.01
2010-09-24;2.605;1143.25;84.21;1296.63;1.3492;0.9592;1.0241;78.87;1183.03;160.495;587.454;21.71
2010-10-01;2.5097;1142.25;83.22;1319.03;1.3791;0.9724;1.0197;83.75;1184.19;159.326;581.253;22.5
2010-10-08;2.392;1160.5;81.93;1346.85;1.3939;0.985;1.0111;84.03;1209.77;157.554;574.533;20.71
2010-10-15;2.5597;1175;81.45;1368.4;1.3977;0.9907;1.0104;82.45;1223.43;155.102;556.682;19.03
2010-10-22;2.5541;1180.75;81.38;1328.55;1.3954;0.9828;1.0259;82.96;1222.96;154.709;559.046;18.78
2010-10-29;2.5993;1179.75;80.4;1359.4;1.3947;0.9835;1.0194;83.15;1222.23;152.232;549.519;21.2
2010-11-05;2.5304;1222;81.26;1393.63;1.4032;1.0159;1.0001;88.11;1264.73;148.698;537.558;18.26
2010-11-12;2.7871;1195.5;82.53;1368.75;1.3691;0.9847;1.0123;86.34;1236.35;150.793;532.804;20.61
2010-11-19;2.8713;1198.25;83.55;1353.63;1.3673;0.9866;1.0168;84.34;1235.33;152.532;539.965;18.04
2010-11-26;2.8663;1183.25;84.1;1363.8;1.3242;0.9645;1.0213;85.58;1210.36;159.293;553.868;22.22
2010-12-03;3.0055;1223.5;82.53;1414.08;1.3414;0.9931;1.0039;91.42;1247.15;162.047;545.862;18.01
2010-12-10;3.319;1241;83.95;1386.13;1.3226;0.9853;1.0091;90.48;1256.52;155.797;516.226;17.61
2010-12-17;3.3279;1242.35;83.98;1375.38;1.3188;0.9882;1.014;91.67;1257.84;156.586;523.028;16.11
2010-12-24;3.3933;1253;82.88;1384.65;1.3122;1.0045;1.0083;93.77;1274.42;153.022;512.597;16.47
2010-12-31;3.2935;1253;81.12;1421.4;1.3384;1.0233;0.998;94.75;1280.07;152.275;511.981;17.75
2011-01-07;3.3237;1267.5;83.15;1369.54;1.2907;0.9959;0.9935;93.33;1281.41;151.803;499.223;17.14
2011-01-14;3.3231;1289.5;82.87;1361.85;1.3388;0.9888;0.9909;98.68;1309;149.763;492.842;15.46
2011-01-21;3.4042;1279.75;82.57;1342.68;1.3621;0.9898;0.9931;97.6;1302.54;145.215;487.111;18.47
2011-01-28;3.3214;1271.5;82.12;1336.78;1.3611;0.994;1.0013;99.42;1302.13;146.555;492.338;20.04
2011-02-04;3.6356;1307.25;82.18;1348.93;1.3581;1.0138;0.9873;99.83;1331.65;138.722;453.363;15.93
2011-02-11;3.6288;1327.25;83.43;1356.95;1.3554;1.0021;0.9874;101.43;1340.99;136.485;448.916;15.69
2011-02-18;3.5799;1342.5;83.18;1389.99;1.3693;1.0147;0.9868;102.52;1362.62;136.219;450.638;16.43
2011-02-25;3.4125;1318.75;81.68;1410.65;1.3754;1.0177;0.9774;112.14;1341.3;139.875;466.658;19.22
2011-03-04;3.49;1320.25;82.32;1430.95;1.3987;1.0138;0.9734;115.97;1348.44;137.901;459.736;19.06
2011-03-11;3.4025;1306;81.84;1417.65;1.3903;1.0138;0.9732;113.84;1315.07;140.931;474.947;20.08
2011-03-18;3.2678;1291;80.58;1418.56;1.4182;0.9959;0.9843;113.93;1287.13;143.232;491.652;24.44
2011-03-25;3.4388;1310;81.34;1429.88;1.4088;1.026;0.9805;115.59;1325.85;139.056;471.045;17.91
2011-04-01;3.4422;1327.75;84.06;1428.73;1.4237;1.0387;0.9632;118.7;1341.45;138.575;462.169;17.4
2011-04-08;3.5772;1323.75;84.76;1474.91;1.4483;1.0564;0.9554;126.65;1351.43;132.988;444.999;17.87
2011-04-15;3.4079;1318.75;83.13;1486.88;1.443;1.0568;0.9592;123.45;1338.04;136.465;461.525;15.32
2011-04-22;3.3907;1331;81.88;1507.04;1.4561;1.0738;0.9545;123.99;1361.03;136.159;462.523;14.69
2011-04-29;3.2863;1359.75;81.19;1563.7;1.4807;1.0971;0.9451;125.89;1388.62;135.912;464.16;14.75
2011-05-06;3.1459;1334.5;80.63;1495.58;1.4316;1.07;0.9666;109.13;1359.27;134.926;472.134;18.4
2011-05-13;3.1709;1334;80.8;1495.15;1.4119;1.0573;0.9686;113.83;1343.17;136.785;471.911;17.07
2011-05-20;3.1451;1327.75;81.7;1512.23;1.4161;1.066;0.9742;112.39;1336.65;138.072;474.228;17.43
2011-05-27;3.0735;1330;80.8;1536.4;1.4319;1.0706;0.9761;115.03;1338.47;142.537;489.865;15.98
2011-06-03;2.9859;1296.25;80.34;1542.28;1.4635;1.0716;0.9778;115.84;1320.11;144.537;496.347;17.95
2011-06-10;2.9693;1269.25;80.32;1531.27;1.4347;1.0537;0.9799;118.78;1288.49;148.097;510.59;18.86
2011-06-17;2.9445;1279.4;80.05;1539.4;1.4306;1.0623;0.9794;113.21;1280.58;152.643;529.741;21.85
2011-06-24;2.8636;1264;80.43;1502.55;1.4188;1.0491;0.9886;105.12;1275.45;157.768;544.972;21.1
2011-07-01;3.1823;1334.75;80.83;1487.43;1.4526;1.077;0.9585;111.77;1343.81;148.715;500.759;15.87
2011-07-08;3.0268;1341.75;80.64;1544.15;1.4265;1.0755;0.9627;118.33;1343.13;152.102;510.925;15.95
2011-07-15;2.9058;1315;79.13;1593.6;1.4157;1.0653;0.9532;117.26;1313.17;158.498;528.697;19.53
2011-07-22;2.9621;1341;78.54;1601.33;1.436;1.0851;0.948;118.67;1348.69;154.105;515.629;17.52
2011-07-29;2.7961;1288.5;76.76;1627.05;1.4398;1.0993;0.9552;116.74;1306.05;155.424;528.318;25.25
2011-08-05;2.5585;1197.75;78.4;1663.95;1.4282;1.0442;0.982;109.37;1194.05;167.511;581.108;32
2011-08-12;2.2548;1176.75;76.71;1746.68;1.4248;1.0355;0.9873;108.03;1180.82;194.047;666.385;36.36
2011-08-19;2.0623;1124;76.55;1852.07;1.4397;1.0406;0.9901;108.62;1131.69;198.231;670.806;43.05
2011-08-26;2.1899;1176;76.64;1827.15;1.4499;1.0573;0.9813;111.36;1163.02;208.527;687.959;35.59
2011-09-02;1.9857;1169.25;76.8;1882.96;1.4205;1.0645;0.9853;112.33;1175.26;203.225;675.976;33.92
2011-09-09;1.9183;1158;77.61;1855.57;1.3656;1.047;0.9967;112.77;1134.68;213.961;694.692;38.52
2011-09-16;2.0479;1216.74;76.79;1811.38;1.3796;1.0361;0.9781;112.22;1176.03;218.676;697.547;30.98
2011-09-23;1.8334;1129.75;76.61;1656.74;1.35;0.9779;1.0281;103.97;1094.92;237.741;754.9;41.25
2011-09-30;1.9154;1126;77.06;1623.79;1.3387;0.9662;1.0503;102.76;1104.06;237.408;775.136;42.96
2011-10-07;2.0764;1155;76.73;1637.85;1.3378;0.9768;1.0395;105.88;1126.15;239.044;781.819;36.2
2011-10-14;2.2477;1219.25;77.22;1680.95;1.3882;1.034;1.0098;114.68;1186.4;224.821;722.122;28.24
2011-10-21;2.2192;1235.25;76.29;1641.85;1.3896;1.0376;1.0066;109.56;1194.33;216.887;695.963;31.32
2011-10-28;2.3167;1281;75.82;1743.42;1.4147;1.07;0.9917;109.91;1254.2;200.884;642.904;24.53
2011-11-04;2.0327;1251;78.24;1754.65;1.3792;1.0375;1.0188;111.97;1203.07;210.445;681.61;30.16
2011-11-11;2.0564;1261.5;77.2;1788.63;1.375;1.0276;1.0104;114.16;1205.46;222.249;697.469;30.04
2011-11-18;2.0104;1214;76.91;1723.92;1.3525;1.0008;1.0276;107.56;1157.5;237.674;715.933;32
2011-11-25;1.9635;1153.5;77.73;1683.52;1.3239;0.9711;1.0468;106.4;1097.81;252.52;750.798;34.47
2011-12-02;2.0331;1243.5;77.99;1746.59;1.3391;1.0215;1.0195;109.94;1187.64;244.14;716.864;27.52
2011-12-09;2.0611;1258.75;77.65;1711.47;1.3386;1.0216;1.0169;108.62;1187.29;241.277;707.632;26.38
2011-12-16;1.8474;1225.05;77.76;1598.95;1.3046;0.9983;1.0383;103.35;1146.48;244.393;726.977;24.29
2011-12-23;2.0244;1260.25;78.09;1606.88;1.3044;1.0151;1.0206;107.96;1182.24;239.496;704.098;20.73
2011-12-30;1.8762;1252.5;76.91;1564.91;1.2961;1.0209;1.0213;107.38;1182.59;237.653;712.841;23.4
2012-01-06;1.9578;1274.25;76.97;1617.08;1.2717;1.0228;1.0284;113.06;1191.67;233.656;696.292;20.63
2012-01-13;1.8636;1289;76.97;1638.92;1.268;1.0322;1.0232;110.44;1201.06;232.775;699.995;20.91
2012-01-20;2.0246;1310.75;77.01;1666.6;1.2931;1.0484;1.0132;109.86;1235.64;223.693;671.886;18.28
2012-01-27;1.891;1312.5;76.7;1738.95;1.322;1.0658;1.0018;111.46;1246.04;215.173;658.662;18.53
2012-02-03;1.9224;1339;76.6;1726.33;1.3158;1.0771;0.9934;114.58;1273.74;203.987;637.443;17.1
2012-02-10;1.9862;1340.5;77.61;1721.85;1.3197;1.0673;1.0014;117.31;1269.66;200.441;631.977;20.79
2012-02-17;2.0017;1359.75;79.55;1723.49;1.314;1.0706;0.9968;119.58;1288.05;199.568;624.048;17.78
2012-02-24;1.9757;1363.25;81.2;1772.35;1.3448;1.0694;0.9993;125.47;1300.57;195.48;606.401;17.31
2012-03-02;1.9739;1368.75;81.81;1712.45;1.3198;1.0733;0.9893;123.65;1298.5;186.78;607.84;17.29
2012-03-09;2.0279;1372.5;82.46;1713.85;1.3123;1.0576;0.9905;125.98;1291.86;188.624;611.109;17.11
2012-03-16;2.294;1405.11;83.43;1659.98;1.3175;1.059;0.9917;125.81;1320.96;179.259;588.209;14.47
2012-03-23;2.2317;1394;82.35;1661.7;1.327;1.0467;0.9978;125.13;1308.25;182.018;602.798;14.82
2012-03-30;2.2088;1403.25;82.87;1668.15;1.3343;1.0346;0.9987;122.88;1312.01;183.342;609.649;15.5
2012-04-06;2.0545;1390.25;81.64;1640.3;1.3096;1.0307;0.9972;123.43;1289.03;187.206;617.903;16.7
2012-04-13;1.9823;1365;80.93;1658.38;1.3078;1.037;0.9997;121.83;1268.35;193.75;641.27;19.55
2012-04-20;1.9629;1375.25;81.52;1643.05;1.3219;1.038;0.9924;118.76;1281.71;195.147;637.141;17.44
2012-04-27;1.9348;1398.5;80.27;1662.85;1.3255;1.0471;0.9804;119.83;1298.71;195.248;625.427;16.32
2012-05-04;1.8786;1362.5;79.85;1642.35;1.3084;1.0182;0.9961;113.18;1264.99;191.969;616.514;19.16
2012-05-11;1.8376;1350;79.94;1579.35;1.2917;1.002;1.0005;112.26;1242.4;197.614;629.633;19.89
2012-05-18;1.7226;1290.75;79.02;1593.03;1.278;0.9844;1.0222;107.14;1178.43;213.491;677.123;25.1
2012-05-25;1.738;1315;79.68;1573;1.2517;0.9758;1.0293;106.83;1188.56;215.172;682.997;21.76
2012-06-01;1.452;1274;78.02;1624;1.2434;0.9701;1.041;98.43;1152.97;221.481;713.191;26.66
2012-06-08;1.6353;1328.75;79.49;1593.4;1.2517;0.9916;1.0266;99.47;1188.86;214.895;688.245;21.23
2012-06-15;1.5773;1336.47;78.73;1627.1;1.2638;1.0075;1.0217;97.61;1208.53;213.476;685.053;21.11
2012-06-22;1.6742;1326.75;80.43;1572.43;1.257;1.0064;1.0246;90.98;1205.67;206.959;663.633;18.11
2012-06-29;1.6449;1356.5;79.79;1597.45;1.2667;1.0238;1.0166;97.8;1235.72;204.404;652.14;17.08
2012-07-06;1.5491;1351.75;79.66;1583.85;1.2291;1.0213;1.0196;98.19;1229.36;201.508;649.034;17.1
2012-07-13;1.4876;1351.75;79.18;1589.6;1.2249;1.0226;1.0141;102.4;1225.55;197.086;648.215;16.74
2012-07-20;1.4567;1358.25;78.49;1584.53;1.2157;1.0378;1.0125;106.83;1231.35;189.235;645.676;16.27
2012-07-27;1.5463;1382.5;78.46;1623.2;1.2322;1.0483;1.0033;106.47;1250.02;186.523;640.582;16.7
2012-08-03;1.5631;1389;78.47;1603.55;1.2387;1.0569;1.0013;108.94;1259.65;179.013;620.374;15.64
2012-08-10;1.6573;1402.5;78.28;1620.15;1.2289;1.0577;0.9911;112.95;1278.36;174.47;613.08;14.74
2012-08-17;1.8105;1415.25;79.56;1616.4;1.2334;1.042;0.9893;113.71;1290.23;172.009;604.077;13.45
2012-08-24;1.6865;1409.75;78.67;1670.5;1.2512;1.0403;0.9923;113.59;1285.84;172.825;607.163;15.18
2012-08-31;1.5484;1405;78.39;1691.85;1.2579;1.0322;0.9863;114.57;1279.21;174.055;608.51;17.47
2012-09-07;1.6678;1438.25;78.24;1735.85;1.2816;1.0385;0.9786;114.25;1312.08;167.594;585.227;14.38
2012-09-14;1.866;1465.75;78.39;1770.5;1.313;1.0551;0.9714;116.66;1347.61;156.457;554.781;14.51
2012-09-21;1.7528;1467.17;78.17;1773.1;1.298;1.0458;0.9764;111.42;1338.05;155.368;564.848;13.98
2012-09-28;1.6335;1434.25;77.96;1772.25;1.286;1.0378;0.9837;112.39;1311.5;159.352;582.67;15.73
2012-10-05;1.7428;1455.5;78.67;1780.7;1.3045;1.0187;0.9786;112.02;1334.63;149.872;565.305;14.33
2012-10-12;1.656;1421.5;78.44;1754.03;1.2951;1.0233;0.9802;114.62;1306.02;146.587;568.621;16.14
2012-10-19;1.7633;1424;79.32;1721.75;1.3024;1.0331;0.9936;110.14;1322.28;136.866;548.342;17.06
2012-10-26;1.7451;1407.5;79.65;1711.2;1.2938;1.0373;0.9969;109.55;1300.23;140.224;557.157;17.81
2012-11-02;1.7147;1405.5;80.43;1678;1.2835;1.0337;0.9958;105.68;1305.77;141.758;562.139;17.59
2012-11-09;1.6063;1375.75;79.49;1731.07;1.2714;1.0387;1.0016;109.4;1276.02;147.372;574.702;18.61
2012-11-16;1.58;1359.75;81.32;1713.72;1.2743;1.0339;1.0012;108.95;1253.31;151.897;591.039;16.41
2012-11-23;1.6899;1405.25;82.4;1753;1.2976;1.0461;0.9929;111.38;1304.85;148.759;573.78;15.14
2012-11-30;1.6156;1414.5;82.48;1714.98;1.2986;1.0428;0.9944;111.23;1315.49;149.595;562.256;15.87
2012-12-07;1.6215;1416;82.49;1704.07;1.2927;1.0488;0.9884;107.02;1320.74;148.283;548.586;15.9
2012-12-14;1.7015;1415;83.52;1696.15;1.3163;1.0566;0.9855;109.15;1325.49;145.161;535.76;17
2012-12-21;1.7623;1433.59;84.24;1657.22;1.3188;1.0396;0.9932;108.97;1341.06;141.673;530.696;17.84
2012-12-28;1.7009;1384;85.96;1655.7;1.3216;1.0373;0.997;110.62;1326.84;142.099;535.409;22.72
2013-01-04;1.8991;1457.75;88.15;1656.1;1.3069;1.048;0.9872;111.31;1370.11;133.967;501.761;13.83
2013-01-11;1.8677;1467.25;89.18;1662.98;1.3343;1.0535;0.9848;110.64;1381.94;133.111;500.74;13.36
2013-01-18;1.8416;1479;90.1;1684.25;1.3321;1.051;0.9917;111.89;1388.11;136.175;500.569;12.46
2013-01-25;1.9487;1495.75;90.91;1658.65;1.3464;1.0424;1.0058;113.28;1405.47;134.749;488.883;12.89
2013-02-01;2.0149;1506.75;92.77;1667.4;1.364;1.0407;0.9965;116.76;1416.79;138.9;498.835;12.9
2013-02-08;1.9499;1512.5;92.68;1667.25;1.3365;1.0319;1.002;118.9;1410.44;140.385;509.726;13.02
2013-02-15;2.0017;1517;93.5;1610.15;1.336;1.0305;1.0064;117.66;1406.92;139.396;503.484;12.46
2013-02-22;1.9619;1514.5;93.42;1581.16;1.3194;1.032;1.0215;114.1;1402.05;140.177;508.369;14.17
2013-03-01;1.8412;1516.5;93.59;1576.18;1.3022;1.0203;1.0268;110.4;1401.75;143.162;509.6;15.36
2013-03-08;2.0427;1549.5;96;1578.97;1.3005;1.0236;1.0287;110.85;1428.72;138.399;491.608;12.59
2013-03-15;1.9895;1557.08;95.28;1592.1;1.3076;1.0409;1.0194;109.82;1444.48;139.115;494.352;11.3
2013-03-22;1.925;1552;94.46;1608.55;1.2989;1.0444;1.0232;107.66;1432.33;143.28;503.035;13.57
2013-03-29;1.8486;1562.75;94.22;1597.5;1.2819;1.0419;1.0174;110.02;1434.51;146.988;508.177;12.7
2013-04-05;1.7128;1546;97.57;1581.25;1.2991;1.0383;1.0176;104.12;1419.11;144.384;513.133;13.92
2013-04-12;1.7208;1582;98.37;1482.75;1.3113;1.0508;1.0136;103.11;1456.54;139.63;502.297;12.06
2013-04-19;1.7049;1547.5;99.52;1403.79;1.3052;1.0277;1.0266;99.65;1422.25;139.703;509.947;14.97
2013-04-26;1.6633;1576.5;98.05;1461.92;1.303;1.0276;1.0167;103.16;1457.8;137.135;501.147;13.61
2013-05-03;1.7382;1608.5;98.99;1470.75;1.3114;1.0319;1.008;104.19;1482.46;132.541;477.504;12.85
2013-05-10;1.8973;1629.5;101.62;1448.55;1.2989;1.0025;1.01;103.91;1495.84;129.912;466.178;12.59
2013-05-17;1.9506;1663;103.21;1359.5;1.2839;0.973;1.0281;104.64;1512.98;130.051;469.878;12.45
2013-05-24;2.0081;1650.5;101.31;1386.64;1.2932;0.9652;1.0318;102.64;1492.74;131.22;476.316;13.99
2013-05-31;2.1282;1629;100.45;1387.8;1.2999;0.9571;1.0375;100.39;1471.93;135.042;490.755;16.3
2013-06-07;2.1718;1638.5;97.56;1382.97;1.3218;0.9497;1.0197;104.56;1470.22;142.009;510.222;15.14
2013-06-14;2.1295;1624.25;94.31;1390.67;1.3347;0.957;1.017;105.93;1463.83;146.046;524.959;17.15
2013-06-21;2.531;1599.93;97.9;1296.42;1.3122;0.9219;1.0457;100.91;1421.19;153.318;531.923;18.9
2013-06-28;2.4857;1599.25;99.14;1234.53;1.301;0.9138;1.0519;102.16;1433.55;154.93;541.766;16.86
2013-07-05;2.7391;1627.25;101.2;1223.14;1.2829;0.9067;1.0582;107.72;1449.05;150.118;527.706;14.89
2013-07-12;2.5821;1670.25;99.22;1285.59;1.3067;0.9049;1.0395;108.81;1498.31;147.17;524.12;13.84
2013-07-19;2.4839;1689.5;100.65;1296.03;1.3143;0.9172;1.0368;108.07;1513.52;143.216;509.523;12.54
2013-07-26;2.5624;1686.5;98.21;1333.16;1.3279;0.9259;1.0278;107.17;1516.21;142.022;512.735;12.72
2013-08-02;2.596;1704;98.94;1312.03;1.3276;0.8905;1.0392;108.95;1533.85;141.509;512.757;11.98
2013-08-09;2.5784;1686.25;96.21;1314.46;1.3342;0.9206;1.0289;108.22;1526.9;141.023;515.071;13.41
2013-08-16;2.8251;1651;97.53;1376.57;1.3329;0.9185;1.0336;110.4;1508.8;141.088;504.324;14.37
2013-08-23;2.8146;1661.5;98.72;1397.73;1.3383;0.903;1.0496;111.04;1508.49;143.849;514.263;13.98
2013-08-30;2.7839;1631.25;98.17;1395.27;1.3222;0.8901;1.0537;114.01;1472.74;144.782;517.275;17.01
2013-09-06;2.9342;1653.5;99.11;1391.8;1.3178;0.9185;1.0405;116.12;1502.4;145.079;508.271;15.85
2013-09-13;2.8846;1688.5;99.38;1326.17;1.3294;0.9245;1.0351;112.78;1533.72;144.306;504.986;14.16
2013-09-20;2.7337;1723.89;99.36;1325.85;1.3524;0.9394;1.0304;109.22;1563.26;139.93;499.935;13.12
2013-09-27;2.6245;1686.5;98.24;1336.88;1.3522;0.9317;1.0306;108.63;1554.99;143.577;517.746;15.46
2013-10-04;2.6447;1684.75;97.48;1311.09;1.3558;0.9435;1.0294;109.46;1547.5;142.641;520.561;16.74
2013-10-11;2.6871;1699;98.58;1272.2;1.3544;0.9468;1.0349;111.28;1557.35;139.808;512.693;15.72
2013-10-18;2.5777;1736.5;97.72;1316.25;1.3687;0.9677;1.0286;109.94;1598.14;135.045;505.282;13.04
2013-10-25;2.5088;1754;97.42;1350.62;1.3802;0.9584;1.0448;106.93;1607.96;134.966;504.734;13.09
2013-11-01;2.6218;1754.75;98.67;1316.18;1.3487;0.9438;1.042;105.91;1597.86;132.52;486.55;13.28
2013-11-08;2.7477;1766;99.05;1288.5;1.3367;0.9385;1.0479;105.12;1596.28;133.552;489.949;12.9
2013-11-15;2.7033;1793.5;100.19;1290.18;1.3496;0.9368;1.0439;108.5;1621.5;134.112;496.887;12.19
2013-11-22;2.7427;1801.25;101.27;1243.8;1.3558;0.9183;1.0514;111.05;1623.15;131.419;492.362;12.26
2013-11-29;2.7445;1804;102.44;1253.35;1.3591;0.9108;1.0614;109.69;1628.42;131.207;487.269;13.7
2013-12-06;2.8553;1805;102.91;1229.1;1.3706;0.9102;1.064;111.61;1612.61;129.469;479.476;13.79
2013-12-13;2.8646;1774.75;103.21;1238.69;1.3742;0.8964;1.0585;108.83;1587.69;125.534;474.811;15.76
2013-12-20;2.8886;1812.89;104.1;1203.24;1.3673;0.8923;1.0635;111.77;1626.66;122.398;465.909;13.79
2013-12-27;3;1836.5;105.17;1213.27;1.3749;0.887;1.0706;112.18;1654.16;119.742;459.78;12.46
2014-01-03;2.9948;1825.5;104.86;1236.97;1.3589;0.8945;1.0635;106.89;1646.05;118.121;456.103;13.76
2014-01-10;2.8579;1837.75;104.18;1248.5;1.367;0.8995;1.0892;107.25;1655.11;119.298;460.754;12.14
2014-01-17;2.8194;1834.25;104.32;1254.05;1.3541;0.8781;1.0964;106.48;1657.32;119.219;458.737;12.44
2014-01-24;2.715;1782;102.31;1270.06;1.3678;0.8683;1.1088;107.88;1618.36;124.869;479.233;18.14
2014-01-31;2.644;1776.5;102.04;1244.55;1.3486;0.8756;1.1128;106.4;1598.46;128.065;491.509;18.41
2014-02-07;2.6829;1793.5;102.3;1267.27;1.3635;0.8959;1.1032;109.57;1611.78;125.472;487.9;15.29
2014-02-14;2.7428;1835;101.8;1318.66;1.3693;0.9034;1.0978;109.08;1650.12;121.894;477.336;13.57
2014-02-21;2.731;1834.25;102.51;1324.25;1.3746;0.8977;1.1108;109.85;1659.85;120.939;471.133;14.68
2014-02-28;2.6476;1857.5;101.8;1326.39;1.3802;0.8924;1.1064;109.07;1675.4;119.153;461.634;14
2014-03-07;2.7879;1878;103.28;1339.98;1.3875;0.9068;1.1087;109;1681.17;118.246;455.12;14.11
2014-03-14;2.6543;1840;101.36;1382.92;1.3914;0.9028;1.1105;108.57;1641.13;122.856;472.829;17.82
2014-03-21;2.7426;1893.3;102.25;1334.69;1.3794;0.9081;1.1221;106.92;1653.38;119.509;457.9;15
2014-03-28;2.7208;1850.5;102.83;1295.23;1.3752;0.9247;1.1061;108.07;1661.84;118.298;452.369;14.41
2014-04-04;2.7207;1860;103.29;1303.5;1.3705;0.9292;1.0981;106.72;1676.25;114.812;443.336;13.96
2014-04-11;2.6247;1811.75;101.62;1318.42;1.3885;0.9397;1.098;107.33;1638.43;114.171;452.543;17.03
2014-04-18;2.7215;1858;102.43;1294.3;1.3813;0.9333;1.1024;109.53;1670.6;112.68;444.322;13.36
2014-04-25;2.6623;1860;102.16;1303.25;1.3834;0.9281;1.1039;109.58;1670.76;113.632;448.166;14.06
2014-05-02;2.5843;1874.5;102.2;1299.7;1.3869;0.9277;1.0972;108.59;1688.99;112.247;436.174;12.91
2014-05-09;2.6233;1873.5;101.86;1288.91;1.3758;0.9362;1.0898;107.89;1683.36;109.931;432.053;12.92
2014-05-16;2.5231;1874.75;101.5;1293.52;1.3694;0.936;1.0861;109.75;1683.69;111.283;439.069;12.44
2014-05-23;2.532;1897;101.97;1292.61;1.3629;0.9231;1.0861;110.54;1697.94;112.081;439.826;11.36
2014-05-30;2.4759;1921.5;101.77;1249.68;1.3635;0.931;1.0846;109.41;1715.18;111.523;432.418;11.4
2014-06-06;2.5869;1949.25;102.48;1253.23;1.3643;0.9333;1.0931;108.61;1734.47;108.082;418.271;10.73
2014-06-13;2.6033;1935.75;102.04;1276.96;1.354;0.9402;1.0855;113.41;1727.21;107.384;413.159;12.18
2014-06-20;2.6052;1964.52;102.07;1314.82;1.36;0.9388;1.0758;114.81;1747.43;107.063;408.867;10.85
2014-06-27;2.534;1952;101.42;1316.17;1.3649;0.9427;1.0666;113.3;1740.86;107.626;416.555;11.26
2014-07-04;2.6383;1977.5;102.06;1320.55;1.3595;0.9365;1.0653;110.64;1763.44;106.781;407.613;10.32
2014-07-11;2.516;1962.5;101.3;1338.7;1.3608;0.9392;1.0734;106.66;1736.02;108.688;420.972;12.08
2014-07-18;2.4809;1971.5;101.34;1310.88;1.3524;0.939;1.0733;107.24;1744.31;109.169;432.02;12.06
2014-07-25;2.4655;1971.5;101.84;1307.22;1.343;0.9396;1.0812;108.39;1748.25;108.542;432.485;12.69
2014-08-01;2.4925;1918.5;102.61;1293.75;1.3427;0.9312;1.0916;104.84;1705.76;112.917;462.16;17.03
2014-08-08;2.4203;1923.75;102.04;1309.58;1.341;0.9275;1.0973;105.02;1690.59;116.309;469.152;15.77
2014-08-15;2.3397;1952.5;102.36;1304.7;1.3401;0.9322;1.0897;103.53;1714.26;116.216;458.259;13.15
2014-08-22;2.4024;1987.75;103.95;1281.1;1.3242;0.9317;1.0943;102.29;1735.96;113.374;447.083;11.47
2014-08-29;2.3431;2001.5;104.09;1287.32;1.3132;0.9339;1.0878;103.19;1748.69;113.002;449.179;11.98
2014-09-05;2.4587;2006;105.09;1268.81;1.2951;0.9378;1.088;100.82;1750.63;111.444;451.456;12.09
2014-09-12;2.6105;1984.75;107.34;1229.65;1.2963;0.9038;1.1093;97.11;1729.5;111.913;454.098;13.31
2014-09-19;2.5745;2022.46;109.04;1215.7;1.2829;0.8925;1.0963;98.39;1740.32;113.463;458.05;12.11
2014-09-26;2.5276;1976;109.29;1218.38;1.2684;0.8765;1.1154;97;1707.87;117.204;482.679;14.85
2014-10-03;2.434;1960.25;109.76;1191.42;1.2516;0.8675;1.1244;92.31;1675.29;119.356;480.075;14.55
2014-10-10;2.2804;1894.25;107.66;1223.16;1.2628;0.8686;1.1199;90.21;1626.68;121.718;510.074;21.24
2014-10-17;2.1936;1881;106.88;1238.32;1.2761;0.8744;1.1277;86.16;1613.56;125.566;522.303;21.99
2014-10-24;2.2685;1959.75;108.16;1231.01;1.2671;0.8793;1.1231;86.13;1667.88;123.892;499.974;16.11
2014-10-31;2.3353;2011.5;112.32;1172.94;1.2525;0.8798;1.1266;85.86;1708.09;122.999;484.874;14.03
2014-11-07;2.2976;2026;114.6;1177.97;1.2455;0.8637;1.1329;83.39;1707.01;124.733;494.487;13.12
2014-11-14;2.3204;2038;116.29;1188.75;1.2525;0.875;1.1287;79.41;1717.2;127.014;502.386;13.31
2014-11-21;2.3099;2061.75;117.79;1201.55;1.2391;0.867;1.1233;80.36;1737.24;128.604;510.453;12.9
2014-11-28;2.164;2066.25;118.63;1167.38;1.2452;0.8506;1.1416;70.15;1739.5;128.548;518.933;13.33
2014-12-05;2.3065;2076;121.46;1192.35;1.2283;0.8316;1.1435;69.07;1738.52;130.399;528.601;11.82
2014-12-12;2.0817;1997.25;118.75;1222.59;1.2462;0.8247;1.1581;61.85;1675.04;140.106;594.247;21.08
2014-12-19;2.1618;2061.01;119.5;1195.74;1.2229;0.813;1.16;61.38;1717;138.87;568.833;16.49
2014-12-26;2.2499;2084.25;120.31;1196;1.2183;0.8121;1.1627;59.45;1729.42;136.157;554.211;14.5
2015-01-02;2.1105;2046.25;120.5;1188.39;1.2002;0.8089;1.1785;56.42;1704.71;138.163;568.759;17.79
2015-01-09;1.9449;2035.25;118.5;1223.25;1.1842;0.8204;1.1867;50.11;1683.8;142.874;588.629;17.55
2015-01-16;1.8368;2013;117.51;1280.45;1.1567;0.8223;1.1984;50.17;1675.15;148.335;608.425;20.95
2015-01-23;1.7968;2044;117.77;1294.08;1.1204;0.7912;1.242;48.79;1707.74;145.793;601.015;16.66
2015-01-30;1.6407;1988.5;117.49;1283.79;1.1291;0.7762;1.2732;52.99;1677.54;149.5;600.492;20.97
2015-02-06;1.9567;2053;119.12;1234.04;1.1316;0.7796;1.2527;57.8;1720.55;139.25;558.087;17.29
2015-02-13;2.0504;2093.5;118.75;1229.76;1.1394;0.7762;1.2448;61.52;1752.18;138.843;549.846;14.69
2015-02-20;2.1117;2107;119.03;1201.94;1.1381;0.7842;1.2531;60.22;1768.09;135.145;541.701;14.3
2015-02-27;1.993;2102.75;119.63;1213.18;1.1196;0.7808;1.2515;62.58;1772.86;134.402;532.028;13.34
2015-03-06;2.2414;2070.75;120.83;1167.29;1.0844;0.7716;1.2624;59.73;1741.99;130.589;519.975;15.2
2015-03-13;2.114;2049.75;121.4;1158.48;1.0496;0.7637;1.2783;54.67;1719.82;137.274;546.27;16
2015-03-20;1.9303;2099.02;120.04;1182.54;1.0821;0.7775;1.2552;55.32;1774.57;140.619;561.6;13.02
2015-03-27;1.9615;2052.5;119.13;1198.55;1.0889;0.7752;1.2609;56.41;1744.82;140.248;555.442;15.07
2015-04-03;1.8389;2059.5;118.97;1206.91;1.0969;0.7633;1.2484;54.95;1750.26;136.884;553.389;14.67
2015-04-10;1.9473;2095.5;120.22;1207.59;1.0604;0.7682;1.2566;57.87;1779.47;133.582;526.116;12.58
2015-04-17;1.8653;2075.5;118.9;1204.22;1.0806;0.7782;1.2246;63.45;1769.01;135.45;533.743;13.89
2015-04-24;1.9086;2111.75;118.99;1179;1.0873;0.7824;1.2174;65.28;1799.86;134.213;525.535;12.29
2015-05-01;2.1135;2101.5;120.15;1178.46;1.1199;0.7851;1.2159;66.46;1787.4;134.409;511.06;12.7
2015-05-08;2.1478;2108.5;119.76;1188.39;1.1199;0.7932;1.2071;65.39;1794.7;134.454;509.135;12.86
2015-05-15;2.1424;2119;119.25;1224.8;1.1451;0.8034;1.2014;66.81;1807.06;135.393;508.992;12.38
2015-05-22;2.2092;2124.5;121.54;1206.21;1.1013;0.7823;1.2279;65.37;1803.5;136.512;504.491;12.13
2015-05-29;2.1214;2106;124.15;1190.58;1.0986;0.7645;1.2454;65.56;1779.31;142.366;512.777;13.84
2015-06-05;2.4076;2092.25;125.63;1171.94;1.1114;0.7623;1.2444;63.31;1760.43;139.292;507.867;14.21
2015-06-12;2.3918;2093;123.39;1181.63;1.1266;0.7731;1.2322;63.87;1770.17;142.567;513.687;13.78
2015-06-19;2.2577;2117.11;122.71;1200.27;1.1352;0.7772;1.2267;63.02;1774.88;147.863;530.756;13.96
2015-06-26;2.4726;2095.75;123.85;1175.52;1.1167;0.7655;1.2321;63.26;1776.22;145.33;515.846;14.02
2015-07-03;2.3823;2068.75;122.79;1169.1;1.1114;0.7523;1.2574;60.32;1744.49;149.645;530.095;16.79
2015-07-10;2.3972;2069;122.78;1163.74;1.1162;0.7446;1.2658;58.73;1743.32;149.449;536.594;16.83
2015-07-17;2.3469;2118.75;124.09;1134.14;1.083;0.7371;1.2972;57.1;1780.83;151.27;535.243;11.95
2015-07-24;2.2624;2077.5;123.81;1099.11;1.0984;0.7282;1.3049;54.62;1745.5;154.425;556.787;13.74
2015-07-31;2.1801;2098.5;123.89;1095.8;1.0984;0.7308;1.3091;52.21;1765.6;157.06;556.58;12.12
2015-08-07;2.1623;2073.5;124.24;1094.15;1.0967;0.7418;1.3131;48.61;1747.34;159.82;572.455;13.39
2015-08-14;2.1977;2089.5;124.31;1115.07;1.1109;0.7379;1.3088;49.03;1743.89;163.067;581.858;12.83
2015-08-21;2.0365;1971.5;122.04;1160.77;1.1386;0.7316;1.3189;45.46;1650.96;169.518;614.078;28.03
2015-08-28;2.1806;1989.75;121.71;1133.6;1.1185;0.7173;1.32;50.05;1658.07;169.288;599.386;26.05
2015-09-04;2.1244;1921.75;118.99;1121.85;1.1149;0.6908;1.3282;49.61;1595.71;170.013;603.118;27.8
2015-09-11;2.1883;1960.25;120.59;1107.95;1.1338;0.7092;1.3264;48.14;1626.99;168.628;594.496;23.2
2015-09-18;2.1336;1960;119.98;1139.23;1.1298;0.7189;1.3226;47.47;1630.69;168.634;604.577;22.28
2015-09-25;2.1623;1919.25;120.59;1146.2;1.1195;0.7024;1.3337;48.6;1594.7;174.187;634.382;23.62
2015-10-02;1.9929;1943;119.91;1138.6;1.1216;0.7045;1.3152;48.13;1607.13;179.919;682.241;20.94
2015-10-09;2.0881;2007.5;120.27;1156.53;1.1358;0.7336;1.2945;52.65;1673.77;170.663;628.914;17.08
2015-10-16;2.0334;2025.5;119.44;1177.3;1.1348;0.7264;1.2914;50.46;1683.55;170.343;630.834;15.05
2015-10-23;2.0866;2066;121.47;1164.45;1.1018;0.7216;1.3166;47.99;1706.61;167.149;618.374;14.46
2015-10-30;2.1421;2073.75;120.62;1142.11;1.1006;0.7138;1.308;49.56;1705.8;165.942;608.007;15.07
2015-11-06;2.3252;2093.75;123.13;1089.8;1.0741;0.7043;1.3306;47.42;1704.39;160.468;596.463;14.33
2015-11-13;2.2658;2018.5;122.61;1083.91;1.0773;0.7127;1.3323;43.61;1654.3;165.718;625.849;20.08
2015-11-20;2.2623;2088.75;122.81;1078.01;1.0646;0.7239;1.3346;44.66;1702.83;164.404;625.458;15.47
2015-11-27;2.2201;2090;122.8;1057.45;1.0593;0.7193;1.3371;44.86;1700.29;165.958;634.333;15.12
2015-12-04;2.2693;2088.5;123.11;1086.44;1.0881;0.7339;1.3362;43;1694.78;163.851;634.827;14.81
2015-12-11;2.127;2009.75;121.01;1074.77;1.0986;0.7189;1.3756;37.93;1637.83;172.315;686.191;24.39
2015-12-18;2.204;2029.72;121.16;1066.25;1.0868;0.7176;1.3957;36.88;1633.75;174.562;697.534;20.7
2015-12-25;2.241;2051.25;120.33;1076.1;1.096;0.728;1.3824;37.89;1673.3;172.945;688.132;15.74
2016-01-01;2.2694;2035.5;120.55;1061.1;1.0856;0.7303;1.3855;37.28;1662.79;171.658;680.365;18.21
2016-01-08;2.1156;1911.5;117.26;1104.15;1.0922;0.6953;1.4172;33.55;1561.47;177.106;707.504;27.01
2016-01-15;2.0347;1875;116.98;1088.88;1.0916;0.6864;1.4541;28.94;1521;187.939;764.425;27.02
2016-01-22;2.0519;1899.25;118.78;1097.95;1.0796;0.7002;1.4119;32.18;1536.79;193.447;764.855;22.34
2016-01-29;1.9209;1930;121.14;1118.21;1.0831;0.7084;1.3976;34.74;1562.18;196.933;757.111;20.2
2016-02-05;1.8357;1875.25;116.87;1173.4;1.1158;0.7067;1.3917;34.06;1523.87;199.59;777.763;23.38
2016-02-12;1.7481;1858.25;113.25;1237.97;1.1256;0.7112;1.385;33.36;1486.45;211.399;824.367;25.4
2016-02-19;1.7449;1914.5;112.63;1226.8;1.113;0.7148;1.3766;33.01;1538.17;207.23;792.405;20.53
2016-02-26;1.7623;1942.75;114;1223.46;1.0934;0.7126;1.3513;35.1;1554.47;204.349;764.857;19.81
2016-03-04;1.8741;1995;113.74;1258.95;1.1005;0.7439;1.3317;38.72;1608.04;189.268;701.148;16.86
2016-03-11;1.9839;2020;113.86;1249.45;1.1156;0.7565;1.3209;40.39;1626.17;177.217;670.686;16.5
2016-03-18;1.8732;2050.07;111.55;1255.4;1.127;0.7608;1.3004;41.2;1645.57;170.824;666.368;14.02
2016-03-25;1.9;2028.5;113.08;1217.05;1.1167;0.7507;1.327;40.44;1623.71;169.041;678.533;14.74
2016-04-01;1.7705;2065;111.69;1222.6;1.1391;0.7677;1.3011;38.67;1640.14;167.075;674.431;13.1
2016-04-08;1.7167;2040.75;108.07;1240.69;1.1399;0.7556;1.2988;41.94;1632.2;167.284;678.355;15.36
2016-04-15;1.7518;2075;108.76;1233.99;1.1284;0.7725;1.2822;43.1;1670.47;163.005;646.207;13.62
2016-04-22;1.8878;2086;111.79;1233.03;1.1222;0.7708;1.2672;45.11;1686.17;153.966;619.707;13.22
2016-04-29;1.8333;2059;106.5;1293.53;1.1451;0.7603;1.2556;48.13;1670.8;152.978;607.35;15.7
2016-05-06;1.7789;2052.75;107.12;1288.99;1.1404;0.7366;1.2909;45.37;1643.19;156.487;630.316;14.72
2016-05-13;1.7001;2043.5;108.63;1273.45;1.1309;0.7271;1.294;47.83;1635.92;160.404;625.88;15.04
2016-05-20;1.8384;2050;110.15;1251.98;1.1224;0.7222;1.3113;48.72;1639.85;159.884;616.611;15.2
2016-05-27;1.851;2097.25;110.31;1212.38;1.1115;0.7182;1.3021;49.32;1676.07;158.497;605.237;13.12
2016-06-03;1.7004;2097.75;106.53;1244.2;1.1367;0.7367;1.2937;49.64;1678.58;159.546;597.206;13.47
2016-06-10;1.6404;2096.25;106.97;1274.24;1.1251;0.7373;1.2783;50.54;1665.22;159.708;590.204;17.03
2016-06-17;1.6078;2079.12;104.16;1298.65;1.1277;0.7387;1.2894;49.17;1635.78;164.739;611.224;19.41
2016-06-24;1.5599;2018.5;102.22;1315.75;1.1117;0.7466;1.3004;48.41;1608.79;165.051;615.275;25.76
2016-07-01;1.4441;2096.25;102.52;1341.35;1.1136;0.7498;1.2912;50.35;1660.26;163.277;598.923;14.77
2016-07-08;1.3579;2120.5;100.54;1366.33;1.1051;0.7569;1.3044;46.76;1662.32;159.634;589.681;13.2
2016-07-15;1.5509;2152.75;104.88;1337.45;1.1035;0.7578;1.2974;47.61;1700.57;150.086;556.409;12.67
2016-07-22;1.5663;2167.5;106.13;1322.73;1.0977;0.7462;1.3127;45.69;1706.97;149.156;552.425;12.02
2016-07-29;1.4531;2168.25;102.06;1351.28;1.1174;0.7596;1.303;42.46;1721.79;152.843;565.838;11.87
2016-08-05;1.5885;2176.75;101.82;1336;1.1086;0.7619;1.3172;44.27;1716.65;149.496;550.1;11.39
2016-08-12;1.5135;2180.25;101.3;1335.97;1.1162;0.7652;1.2951;46.97;1736.1;147.774;541.158;11.55
2016-08-19;1.5781;2181.75;100.22;1341.47;1.1325;0.7627;1.2871;50.88;1731.85;143.917;528.877;11.34
2016-08-26;1.6296;2168.5;101.84;1321.18;1.1198;0.7564;1.3003;49.92;1726.08;143.303;522.202;13.65
2016-09-02;1.6024;2178;103.92;1325.21;1.1156;0.7573;1.2993;46.83;1734.6;144.486;521.842;11.98
2016-09-09;1.6749;2122.75;102.69;1327.83;1.1233;0.7541;1.3049;48.01;1707.94;145.326;520.872;17.5
2016-09-16;1.6926;2139.96;102.29;1310.35;1.1155;0.7491;1.3212;45.77;1696.31;147.905;536.979;15.37
2016-09-23;1.6184;2158;101.02;1337.56;1.1226;0.7623;1.3172;45.89;1729.7;146.188;524.944;12.29
2016-09-30;1.5944;2160.5;101.35;1315.87;1.1235;0.7664;1.3127;49.06;1725.67;147;517.167;13.29
2016-10-07;1.7181;2146.5;102.98;1257.08;1.1201;0.7582;1.3296;51.93;1712.4;143.467;503.582;13.48
2016-10-14;1.7977;2127;104.18;1251.03;1.0972;0.7618;1.3139;51.95;1693.71;142.072;502.288;16.12
2016-10-21;1.7347;2134.75;103.8;1266.46;1.0884;0.7608;1.3332;51.78;1701.16;141.304;497.804;13.34
2016-10-28;1.8468;2123.75;104.74;1275.47;1.0985;0.7599;1.3398;49.71;1690.96;142.119;501.539;16.19
2016-11-04;1.7762;2080;103.12;1305.06;1.1141;0.7673;1.3404;45.58;1660.12;144.22;521.571;22.51
2016-11-11;2.1501;2161.5;106.65;1227.64;1.0855;0.7546;1.3542;44.75;1696.99;140.071;504.107;14.17
2016-11-18;2.3548;2180.75;110.91;1207.89;1.0588;0.7338;1.3505;46.86;1697.35;142.837;502.203;12.85
2016-11-25;2.3572;2211.25;113.22;1183.56;1.0589;0.7443;1.3519;47.24;1720.84;143.858;495.293;12.34
2016-12-02;2.3831;2192;113.51;1177.43;1.0664;0.7457;1.3292;54.46;1708.94;142.227;491.231;14.12
2016-12-09;2.4675;2260;115.32;1159.86;1.0561;0.7449;1.3179;54.33;1760.12;138.093;464.535;11.75
2016-12-16;2.5916;2268.63;117.93;1134.88;1.0451;0.7304;1.3336;55.21;1754.74;134.77;457.105;12.2
2016-12-23;2.5373;2260;117.33;1133.3;1.0456;0.7176;1.3533;55.16;1759.15;133.705;454.42;11.44
2016-12-30;2.4443;2236.25;116.96;1147.5;1.0517;0.7208;1.3441;56.82;1751.22;134.204;455.083;14.04
2017-01-06;2.4193;2271.5;117.02;1172.63;1.0532;0.7301;1.3237;57.1;1783.1;132.529;438.918;11.32
2017-01-13;2.3964;2272.5;114.49;1197.34;1.0643;0.7502;1.3114;55.45;1788.23;132.755;440.8;11.23
2017-01-20;2.4668;2266;114.62;1210.32;1.0703;0.7555;1.332;55.49;1782.71;132.572;439.603;11.54
2017-01-27;2.4843;2289;115.1;1191.2;1.0699;0.7551;1.3153;55.52;1803.39;132.027;432.669;10.58
2017-02-03;2.4648;2291;112.61;1220.3;1.0783;0.768;1.3023;56.81;1805.51;131.767;448.448;10.97
2017-02-10;2.4073;2312.75;113.22;1233.62;1.0643;0.7674;1.3083;56.7;1814.71;134.633;451.034;10.85
2017-02-17;2.4146;2348;112.84;1234.6;1.0616;0.7664;1.3096;55.81;1836.5;133.337;450.593;11.49
2017-02-24;2.3117;2365;112.12;1257.19;1.0563;0.7676;1.3091;55.99;1840.8;134.339;450.16;11.47
2017-03-03;2.478;2381.25;114.04;1234.81;1.0622;0.7596;1.338;55.9;1848.98;128.454;432.113;10.96
2017-03-10;2.5745;2371.75;114.79;1204.64;1.0673;0.7542;1.3471;51.37;1845.88;130.726;446.33;11.66
2017-03-17;2.5005;2385.8;112.7;1229.26;1.0738;0.7704;1.335;51.76;1863.08;130.43;448.973;11.28
2017-03-24;2.4123;2344.75;111.34;1243.57;1.0798;0.7623;1.3378;50.8;1845.81;131.093;458.412;12.96
2017-03-31;2.3874;2359.25;111.39;1249.2;1.0652;0.7629;1.3318;52.83;1853.69;131.291;451.441;12.37
2017-04-07;2.3822;2352.25;111.09;1254.53;1.0591;0.75;1.3398;55.24;1845.46;131.966;446.62;12.87
2017-04-14;2.2374;2327.5;108.64;1285.69;1.0618;0.7579;1.3325;55.89;1832.28;134.152;459.18;15.96
2017-04-21;2.248;2347.5;109.09;1284.44;1.0728;0.7541;1.3498;51.96;1842.06;134.15;456.909;14.63
2017-04-28;2.2802;2380.5;111.49;1268.28;1.0895;0.7488;1.3653;51.73;1878.28;128.729;437.808;10.82
2017-05-05;2.3487;2397.75;112.71;1228.01;1.0998;0.7424;1.3652;49.1;1896.75;126.007;436.063;10.57
2017-05-12;2.3257;2388.75;113.38;1228.43;1.0931;0.7387;1.371;50.84;1892.97;124.908;433.664;10.4
2017-05-19;2.2346;2381.5;111.26;1255.93;1.1206;0.7459;1.3511;53.61;1894.77;125.086;441.62;12.04
2017-05-26;2.2465;2413.75;111.33;1266.76;1.1183;0.7448;1.3446;52.15;1912.21;125.505;435.165;9.81
2017-06-02;2.1591;2437.75;110.4;1279.17;1.1279;0.7443;1.3487;49.95;1935.21;125.632;437.524;9.75
2017-06-09;2.2005;2430.5;110.32;1266.76;1.1195;0.7527;1.347;48.15;1922.79;124.257;438.591;10.7
2017-06-16;2.1514;2434.89;110.88;1253.73;1.1198;0.7621;1.3213;47.37;1923.24;123.146;442.451;10.38
2017-06-23;2.1423;2435;111.28;1256.71;1.1194;0.7568;1.3267;45.54;1925.02;122.748;450.57;10.02
2017-06-30;2.3037;2421;112.39;1241.61;1.1426;0.7689;1.2964;47.92;1916.43;118.781;436.479;11.18
2017-07-07;2.3856;2422.5;113.92;1212.46;1.1401;0.7601;1.2876;46.71;1913.18;118.124;440.756;11.19
2017-07-14;2.3319;2456;112.53;1228.7;1.147;0.7832;1.2644;48.91;1948.07;115.972;434.151;9.51
2017-07-21;2.2375;2469.5;111.13;1254.98;1.1663;0.7916;1.2539;48.06;1958.77;115.122;433.148;9.36
2017-07-28;2.2889;2470.25;110.68;1269.64;1.1751;0.7987;1.2433;52.52;1960.32;113.838;430.32;10.29
2017-08-04;2.262;2472;110.69;1258.88;1.1773;0.7922;1.2645;52.42;1967.77;113.729;427.017;10.03
2017-08-11;2.1888;2440;109.19;1289.31;1.1821;0.7894;1.2677;52.1;1937.73;120.963;447.622;15.51
2017-08-18;2.1939;2426.75;109.18;1284.13;1.1761;0.7929;1.2585;52.72;1930.41;119.321;445.111;14.26
2017-08-25;2.1659;2442.5;109.36;1291.35;1.1924;0.7932;1.2481;52.41;1944.56;119.059;441.599;11.28
2017-09-01;2.1657;2474.25;110.25;1325.23;1.186;0.7975;1.2394;52.75;1965.79;121.731;436.998;10.13
2017-09-08;2.0507;2462.5;107.84;1346.59;1.2036;0.806;1.2159;53.78;1964.52;124.391;443.534;12.12
2017-09-15;2.2023;2496;110.83;1320.18;1.1945;0.8002;1.2198;55.62;1987.72;119.427;429.01;10.17
2017-09-22;2.2499;2499.5;111.99;1297.3;1.1951;0.7962;1.2339;56.86;1994.58;116.951;425.422;9.59
2017-09-29;2.3336;2516;112.51;1279.75;1.1814;0.7834;1.2472;57.54;2000.55;113.774;415.82;9.51
2017-10-06;2.3589;2545;112.65;1276.68;1.173;0.7767;1.2529;55.62;2014.02;111.307;412.039;9.65
2017-10-13;2.273;2552.75;111.82;1303.82;1.182;0.7887;1.2468;57.17;2028.01;112.336;416.705;9.61
2017-10-20;2.3845;2574;113.52;1280.47;1.1784;0.7817;1.2627;57.75;2035.58;108.625;406.834;9.97
2017-10-27;2.4064;2578.5;113.67;1273.35;1.1608;0.7677;1.2808;60.44;2034.6;108.26;410.3;9.8
2017-11-03;2.3325;2582.75;114.07;1269.91;1.1608;0.765;1.2764;62.07;2045.47;109.604;416.647;9.14
2017-11-10;2.3984;2579.5;113.53;1275.07;1.1665;0.7661;1.2682;63.52;2040.25;112.627;429.861;11.29
2017-11-17;2.3435;2576.25;112.1;1292.42;1.179;0.7564;1.2763;62.72;2033.18;114.473;430.318;11.43
2017-11-24;2.3418;2601;111.53;1288.37;1.1933;0.7617;1.2712;63.86;2059.54;112.429;426.126;9.67
2017-12-01;2.3615;2644;112.17;1280.62;1.1896;0.7613;1.2685;63.73;2069.37;112.222;421.783;11.43
2017-12-08;2.376;2651;113.48;1248.49;1.1773;0.7509;1.2848;63.4;2073.46;110.579;422.364;9.58
2017-12-15;2.353;2666.75;112.6;1256.44;1.1749;0.7646;1.2866;63.23;2085.54;109.293;422.117;9.42
2017-12-22;2.481;2686;113.29;1274.16;1.1862;0.7709;1.2729;65.25;2099.59;106.537;414.492;9.9
2017-12-29;2.4054;2676;112.69;1302.8;1.2005;0.7809;1.2571;66.87;2103.45;106.552;415.767;11.04
2018-01-05;2.4763;2742.5;113.05;1319.59;1.2029;0.7864;1.2412;67.62;2156.6;104.914;398.157;9.22
2018-01-12;2.5462;2788.75;111.06;1337.64;1.2202;0.7917;1.2459;69.87;2185.31;101.885;395.357;10.16
2018-01-19;2.6592;2811;110.77;1331.84;1.2222;0.7995;1.2493;68.61;2207.4;101.013;392.321;11.27
2018-01-26;2.6599;2874.5;108.58;1349.12;1.2427;0.811;1.2308;70.52;2248.93;98.386;385.952;11.08
2018-02-02;2.8411;2756.75;110.17;1333.39;1.2463;0.7931;1.2429;68.58;2171.54;95.727;383;17.31
2018-02-09;2.8512;2619;108.8;1316.65;1.2252;0.7813;1.2581;62.79;2050.9;104.14;416.501;29.06
2018-02-16;2.8749;2735;106.21;1346.96;1.2406;0.7905;1.2558;64.84;2137.91;104.116;399.542;19.46
2018-02-23;2.866;2748.75;106.89;1328.71;1.2295;0.7843;1.2633;67.31;2140.91;106.027;404.954;16.49
2018-03-02;2.8643;2690.25;105.75;1322.75;1.2317;0.776;1.2882;64.37;2089.84;109.904;407.426;19.59
2018-03-09;2.8938;2784;106.82;1323.93;1.2307;0.7844;1.2812;65.49;2149.32;109.076;400.16;14.64
2018-03-16;2.8445;2752.75;106.01;1314.24;1.229;0.7713;1.3096;66.21;2134.05;113.25;407.45;15.8
2018-03-23;2.8135;2597.75;104.74;1347.33;1.2353;0.7699;1.2895;70.45;2036.55;118.38;421.66;24.87
2018-03-30;2.7389;2643;106.28;1325.48;1.2324;0.7679;1.29;70.27;2066.84;119.6;421.25;19.97
2018-04-06;2.7735;2605.75;106.93;1333.03;1.2281;0.7684;1.2782;67.11;2052.78;117.32;415.52;21.49
2018-04-13;2.8267;2657.25;107.35;1346.2;1.2331;0.7764;1.2608;72.58;2088.98;114.13;402.84;17.41
2018-04-20;2.9602;2671.5;107.66;1336.36;1.2288;0.7672;1.2761;74.06;2099.74;114.1;398.29;16.88
2018-04-27;2.9568;2671.5;109.05;1324;1.213;0.7581;1.2828;74.64;2096.05;117.74;408.96;15.41
2018-05-04;2.9497;2663;109.12;1314.5;1.196;0.7539;1.2846;74.87;2089.44;121.51;421.44;14.77
2018-05-11;2.9695;2729.5;109.39;1319.3;1.1943;0.7543;1.2795;77.12;2131.96;120.03;417;12.65
2018-05-18;3.0559;2713;110.78;1293.04;1.1772;0.7511;1.2885;78.51;2120.8;121.91;420.89;13.42
2018-05-25;2.9313;2718.25;109.41;1302.25;1.1651;0.7548;1.2973;76.44;2110.8;125.99;431.49;13.22
2018-06-01;2.9022;2733.75;109.54;1293.4;1.1659;0.7569;1.2951;76.79;2109.19;130.37;443.81;13.46
2018-06-08;2.9461;2778.75;109.55;1298.17;1.1769;0.7601;1.2928;76.46;2137.74;131.37;438.35;12.18
2018-06-15;2.9205;2776.5;110.66;1278.94;1.161;0.7442;1.3184;73.44;2134.15;130.3;439.87;11.98
2018-06-22;2.8949;2759.5;109.97;1270.56;1.1651;0.744;1.3269;75.55;2114.9;135.45;444.68;13.77
2018-06-29;2.8601;2721.5;110.76;1252.6;1.1684;0.7405;1.3133;79.44;2089.3;138.66;462.76;16.09
2018-07-06;2.8217;2763;110.47;1255.48;1.1746;0.743;1.3084;77.11;2113.74;136.48;460;13.37
2018-07-13;2.8271;2803.25;112.38;1244.32;1.1685;0.7424;1.316;75.33;2134.6;132.43;451.32;12.18
2018-07-20;2.8931;2800.75;111.41;1229.53;1.1724;0.7415;1.3145;73.07;2139.17;130.59;446.54;12.86
2018-07-27;2.9542;2817.5;111.05;1224.22;1.1657;0.74;1.3055;74.29;2156.11;125.23;432.63;13.03
2018-08-03;2.9488;2839.5;111.25;1214.9;1.1568;0.7404;1.2991;73.21;2155.39;124.99;435.64;11.64
2018-08-10;2.8732;2836.75;110.83;1210.57;1.1413;0.7302;1.314;72.81;2139.84;129.71;455;13.16
2018-08-17;2.8605;2852.25;110.5;1184.25;1.1438;0.7313;1.3061;71.83;2138.11;129.01;459.72;12.64
2018-08-24;2.8098;2876.75;111.24;1205.35;1.1622;0.7329;1.3026;75.82;2161.61;130.01;458.42;11.99
2018-08-31;2.8604;2902;111.03;1201.15;1.1602;0.7189;1.304;77.42;2175.5;131.35;464.45;12.86
2018-09-07;2.9388;2874.75;110.99;1196.93;1.1553;0.7107;1.3161;76.83;2137.6;130.49;461.87;14.88
2018-09-14;2.9959;2906.25;112.06;1194.85;1.1625;0.7153;1.3036;78.09;2166.59;126.22;447.09;12.07
2018-09-21;3.0628;2943;112.59;1200.04;1.1749;0.729;1.2916;78.8;2200.01;124.06;437.54;11.68
2018-09-28;3.0612;2919;113.7;1190.88;1.1604;0.7224;1.2908;82.72;2184.01;123.58;435.08;12.12
2018-10-05;3.2328;2894;113.72;1203.63;1.1524;0.7052;1.2939;84.16;2151.42;122.03;435.94;14.82
2018-10-12;3.1613;2768.5;112.21;1217.05;1.156;0.7114;1.3024;80.43;2063.44;126.25;450.18;21.31
2018-10-19;3.1921;2767.5;112.55;1226.49;1.1514;0.7119;1.3104;79.78;2062.33;127.68;451.26;19.89
2018-10-26;3.0755;2669.5;111.91;1233.53;1.1403;0.709;1.3106;77.62;1981.89;134.64;476.96;24.16
2018-11-02;3.2121;2724.25;113.2;1232.89;1.1388;0.7193;1.311;72.83;2036.7;132.43;461.23;19.51
2018-11-09;3.1819;2779;113.83;1209.65;1.1336;0.7226;1.3212;70.18;2063.16;132.23;461.4;17.36
2018-11-16;3.0628;2743;112.83;1223.36;1.1415;0.7332;1.3148;66.76;2031.76;143.9;499.27;18.14
2018-11-23;3.039;2629.5;112.96;1223.05;1.1337;0.7233;1.3238;58.8;1975.09;147.3;514.03;21.52
2018-11-30;2.9879;2758.25;113.57;1220.52;1.1317;0.7306;1.3292;58.71;2041.36;151.495;514.683;18.07
2018-12-07;2.845;2636;112.69;1249.31;1.1379;0.7208;1.3322;61.67;1965.24;157.96;528.48;23.23
2018-12-14;2.8895;2602;113.39;1239.02;1.1306;0.7172;1.3384;60.28;1942.55;153.1;524.45;21.63
2018-12-21;2.7902;2467.75;111.22;1256.94;1.1372;0.704;1.3602;53.82;1834.97;159.22;565.15;30.11
2018-12-28;2.7182;2486;110.27;1280.71;1.1444;0.7047;1.3638;52.2;1870.8;161.51;575.31;28.34
2019-01-04;2.6677;2531.25;108.51;1286.05;1.1395;0.7113;1.3374;57.06;1904.18;163.94;565.68;21.38
2019-01-11;2.7007;2595;108.48;1290.25;1.1469;0.7215;1.3267;60.48;1957.17;159.95;530.75;18.19
2019-01-18;2.7842;2671.5;109.78;1282.11;1.1363;0.7168;1.326;62.7;2000.76;153.47;508.63;17.8
2019-01-22;2.7499;2655.5;109.42;1284.34;1.1361;0.7132;1.3332;62.19;2000.77;153.44;508.64;18.5
